category,gene,rsid,n_higher,n_lower,n_tested,elevated,genotype_rate
control,ALDH2,rs671,0,3,6,False,0.98
disease,APOE,rs429358,3,2,6,False,0.98
disease,CETP,rs3764261,1,3,6,False,0.98
disease,FTO,rs9939609,1,3,6,False,0.98
disease,LPA,rs10455872,1,3,6,False,0.98
disease,MTHFR,rs1801133,1,5,6,False,0.98
disease,TCF7L2,rs7903146,1,4,6,False,0.98
pgx,CYP2C19,rs4244285,6,0,6,True,0.98
pgx,CYP2C9,rs1057910,4,1,6,True,0.98
pgx,CYP2C9,rs1799853,2,3,6,False,0.98
pgx,DPYD,rs3918290,2,1,6,False,0.98
pgx,SLCO1B1,rs4149056,2,4,6,False,0.98
pgx,TPMT,rs1142345,1,3,6,False,0.98
control,ALDH2,rs671,0,3,6,False,1.0
disease,APOE,rs429358,3,2,6,False,1.0
disease,CETP,rs3764261,1,3,6,False,1.0
disease,FTO,rs9939609,1,3,6,False,1.0
disease,LPA,rs10455872,1,3,6,False,1.0
disease,MTHFR,rs1801133,1,5,6,False,1.0
disease,TCF7L2,rs7903146,1,4,6,False,1.0
pgx,CYP2C19,rs4244285,6,0,6,True,1.0
pgx,CYP2C9,rs1057910,4,1,6,True,1.0
pgx,CYP2C9,rs1799853,2,3,6,False,1.0
pgx,DPYD,rs3918290,2,1,6,False,1.0
pgx,SLCO1B1,rs4149056,2,4,6,False,1.0
pgx,TPMT,rs1142345,1,3,6,False,1.0
