gene,rsid,population,category,or_base,or_alt,q_base,q_alt,sig_base,sig_alt,pct_change_or,log_or_shift,status_changed
ALDH2,rs671,Admixed American,control,0.05693689928959465,0.05579728692091118,0.00015094733012920112,0.00013243371692023327,True,True,2.0015357051446205,0.020218377900961926,False
ALDH2,rs671,African,control,0.27122074801504387,0.2657921679037625,0.3412287257664948,0.34027146113052725,False,False,2.001535705144608,0.02021837790096148,False
ALDH2,rs671,East Asian,control,0.00018006374745520767,0.00017645970725787026,0.0,0.0,True,True,2.001535705144619,0.02021837790096015,False
ALDH2,rs671,European,control,1.7764834935227747,1.740926542103916,0.5847736800276162,0.591836074868663,False,False,2.0015357051446134,0.020218377900961704,False
ALDH2,rs671,Middle Eastern,control,0.04614902452401473,0.045225358961889894,1.0,1.0,False,False,2.0014844769778084,0.020217855156510645,False
ALDH2,rs671,South Asian,control,0.06289176765566235,0.06163296647043768,0.009727843726160531,0.009146074441403895,True,True,2.0015357051446014,0.02021837790096148,False
APOE,rs429358,Admixed American,disease,1.0350860713341405,1.0352470670062495,0.3684763419519188,0.36159247706336745,False,False,0.015553843933134087,0.00015552634448241093,False
APOE,rs429358,African,disease,0.48107675594932836,0.4811515818771474,8.72214871042937e-199,1.3479808318066276e-201,True,True,0.015553843933155188,0.00015552634448257052,False
APOE,rs429358,East Asian,disease,1.221775686077526,1.2219657191609514,0.00014879227145953497,0.00015112493573004514,True,True,0.015553843933133306,0.000155526344482404,False
APOE,rs429358,European,disease,0.8268732207675557,0.8270018313378389,3.902434922315703e-14,2.4254045599879773e-14,True,True,0.015553843933155087,0.00015552634448262603,False
APOE,rs429358,Middle Eastern,disease,1.7993375916725811,1.7996174578334203,0.013395451198182922,0.013418287500719583,True,True,0.01555384393314665,0.00015552634448257052,False
APOE,rs429358,South Asian,disease,1.1331006237600338,1.1332768644626592,0.022232186642482714,0.022533750899738657,True,True,0.01555384393316378,0.0001555263444827093,False
CETP,rs3764261,Admixed American,disease,1.0209337355855657,1.0209480457721178,0.43850445507830044,0.43803355399026117,False,False,0.0014016763334764558,1.4016665100854975e-05,False
CETP,rs3764261,African,disease,0.9014339046090247,0.9014465397947274,7.994551558032158e-08,6.460030983740587e-08,True,True,0.0014016763334627684,1.4016665100716197e-05,False
CETP,rs3764261,East Asian,disease,2.1595546969455133,2.1595849669126084,2.108104489332218e-88,1.0098207548362274e-88,True,True,0.0014016763334548507,1.4016665100591297e-05,False
CETP,rs3764261,European,disease,0.8904114986007129,0.8904239792879594,1.1114291272137399e-10,8.206289451477664e-11,True,True,0.0014016763334791628,1.401666510088273e-05,False
CETP,rs3764261,Middle Eastern,disease,1.2025418504291743,1.202558706173692,0.21994670074838427,0.22002393692880134,False,False,0.0014016763334841042,1.4016665100924364e-05,False
CETP,rs3764261,South Asian,disease,0.8465258539967664,0.8465377195493187,2.396066750265929e-06,2.2975602154493735e-06,True,True,0.0014016763334822877,1.4016665100924364e-05,False
FTO,rs9939609,Admixed American,disease,1.0301340809594115,1.030220444116617,0.2453172514993014,0.24279379239144905,False,False,0.008383681192744838,8.383329781833787e-05,False
FTO,rs9939609,African,disease,0.515405705421651,0.5154489153928428,1.6007179501910122e-294,1.3378934911155732e-298,True,True,0.008383681192747428,8.383329781835869e-05,False
FTO,rs9939609,East Asian,disease,2.5861423701401494,2.586359184071653,3.5047146610642426e-133,1.2963929783382642e-133,True,True,0.008383681192763323,8.383329781846971e-05,False
FTO,rs9939609,European,disease,0.6871648346126863,0.687222444321689,9.336515209944538e-106,2.4696341203083072e-107,True,True,0.008383681192762876,8.383329781852522e-05,False
FTO,rs9939609,Middle Eastern,disease,0.7584151847591181,0.7584787678703258,0.03169211401877754,0.031719955793869735,True,True,0.008383681192760225,8.383329781852522e-05,False
FTO,rs9939609,South Asian,disease,1.0305644460222678,1.0306508452599081,0.43850445507830044,0.43956461990717144,False,False,0.008383681192747478,8.383329781836216e-05,False
LPA,rs10455872,Admixed American,disease,0.20733033473269627,0.2070609853363508,1.843157257723946e-83,1.9140726996455642e-84,True,True,0.1299131633066243,0.001299976236145861,False
LPA,rs10455872,African,disease,0.6723912132102192,0.671517688515342,1.5259555663039518e-05,1.173756150295308e-05,True,True,0.12991316330663044,0.0012999762361459721,False
LPA,rs10455872,East Asian,disease,8.518085106382978,8.507018992568126,9.55117443952869e-11,6.419720045892516e-11,True,True,0.12991316330662042,0.001299976236145639,False
LPA,rs10455872,European,disease,0.11078718894904974,0.11064326180734753,0.0,0.0,True,True,0.12991316330663344,0.0012999762361460832,False
LPA,rs10455872,Middle Eastern,disease,1.2071834843058773,1.2056151940545003,1.0,1.0,False,False,0.1299131633066289,0.0012999762361459444,False
LPA,rs10455872,South Asian,disease,0.8070951363481984,0.8060466135256745,0.23297930371934747,0.23317845863671588,False,False,0.12991316330662697,0.0012999762361459166,False
MTHFR,rs1801133,Admixed American,disease,0.18264632451786017,0.18266904577951631,0.0,0.0,True,True,0.012440032240518867,0.00012439258532670472,False
MTHFR,rs1801133,African,disease,1.1576367507828063,1.1577807611678317,9.418473495533974e-08,7.423447210806185e-08,True,True,0.012440032240514723,0.00012439258532670472,False
MTHFR,rs1801133,East Asian,disease,0.33727765848512,0.3373196159345756,2.973418157688761e-176,3.995937060391855e-177,True,True,0.01244003224052026,0.00012439258532692676,False
MTHFR,rs1801133,European,disease,0.28627925365948353,0.28631486689093666,0.0,0.0,True,True,0.01244003224050762,0.00012439258532670472,False
MTHFR,rs1801133,Middle Eastern,disease,0.35830253106628646,0.3583471040166697,6.666592712523211e-13,6.645321511955774e-13,True,True,0.012440032240517719,0.00012439258532692676,False
MTHFR,rs1801133,South Asian,disease,0.8410132253616054,0.8411178476779874,0.0002923761604149743,0.00030001073853193566,True,True,0.01244003224051453,0.00012439258532667696,False
TCF7L2,rs7903146,Admixed American,disease,1.0071064239123186,1.0070755800882631,0.830813972370333,0.8318428627841163,False,False,0.0030626181427454062,3.062665041852347e-05,False
TCF7L2,rs7903146,African,disease,0.8751230120932386,0.8750962104170988,1.7572999440545276e-11,1.2709416845417108e-11,True,True,0.0030626181427532246,3.062665041858592e-05,False
TCF7L2,rs7903146,East Asian,disease,13.140998897329776,13.140596438713407,0.0,0.0,True,True,0.0030626181427569833,3.062665041886348e-05,False
TCF7L2,rs7903146,European,disease,0.8805305535649957,0.8805035862765097,8.291588332758438e-12,5.303313685115132e-12,True,True,0.003062618142750868,3.062665041858592e-05,False
TCF7L2,rs7903146,Middle Eastern,disease,0.5337124527322141,0.5336961071578066,6.439167652989523e-07,6.449952724917638e-07,True,True,0.003062618142760762,3.062665041864143e-05,False
TCF7L2,rs7903146,South Asian,disease,0.8300010836150465,0.8299756638512747,2.8402398112908524e-07,2.7121389101918184e-07,True,True,0.003062618142747415,3.062665041853041e-05,False
CYP2C19,rs4244285,Admixed American,pgx,3.929656960899653,3.929882649802513,0.0,0.0,True,True,0.0057432214848569755,5.743056568197069e-05,False
CYP2C19,rs4244285,African,pgx,2.7305373259454586,2.7306941467518144,0.0,0.0,True,True,0.005743221484859858,5.7430565682192736e-05,False
CYP2C19,rs4244285,East Asian,pgx,1.296834990745394,1.2969094708512057,1.513780861182757e-14,1.1877365548969312e-14,True,True,0.005743221484860691,5.7430565682081713e-05,False
CYP2C19,rs4244285,European,pgx,3.384816644533166,3.385011042049918,0.0,0.0,True,True,0.005743221484861218,5.7430565682192736e-05,False
CYP2C19,rs4244285,Middle Eastern,pgx,6.2770907281472885,6.277451235370611,4.621932485832534e-28,4.697373509550207e-28,True,True,0.005743221484851755,5.743056568197069e-05,False
CYP2C19,rs4244285,South Asian,pgx,1.1814069946559722,1.1814748454763129,1.6675617782497563e-06,1.6112909143690728e-06,True,True,0.005743221484855266,5.743056568205396e-05,False
CYP2C9,rs1799853,Admixed American,pgx,0.38134556313107254,0.3815905640679961,3.520116421982441e-103,3.795226044197831e-104,True,True,0.06424643698799887,0.0006422580779986697,False
CYP2C9,rs1057910,Admixed American,pgx,2.1615435387591364,2.1613081104384486,5.50778859646517e-72,1.4115524320768488e-72,True,True,0.010891676085458008,0.0001089226927156739,False
CYP2C9,rs1799853,African,pgx,1.7161001650972085,1.7172026983084285,8.357825980732396e-27,3.0220945158510023e-27,True,True,0.06424643698799187,0.0006422580779987808,False
CYP2C9,rs1057910,African,pgx,8.77419427803305,8.773238621213176,0.0,0.0,True,True,0.010891676085482579,0.00010892269271600696,False
CYP2C9,rs1799853,East Asian,pgx,106.81751427794397,106.8861407249467,3.544133070254548e-76,2.8338011690743474e-76,True,True,0.06424643698800099,0.0006422580779990028,False
CYP2C9,rs1057910,East Asian,pgx,3.5122960246577684,3.5119134767516,3.3145992200747602e-68,2.096836230304927e-68,True,True,0.010891676085469326,0.00010892269271578492,False
CYP2C9,rs1799853,European,pgx,0.28516962392355677,0.28535283524629973,1.4320084840058e-310,1.165149025e-315,True,True,0.06424643698799841,0.0006422580779987808,False
CYP2C9,rs1057910,European,pgx,1.570974549804755,1.570803444345405,7.037999444037768e-53,1.1398997053263374e-53,True,True,0.010891676085465938,0.00010892269271578492,False
CYP2C9,rs1799853,Middle Eastern,pgx,0.2550859993234145,0.255249882989235,1.6299088241859153e-11,1.5977727760413804e-11,True,True,0.06424643698798355,0.0006422580779985587,False
CYP2C9,rs1057910,Middle Eastern,pgx,1.6123882503192848,1.6122126342138199,0.06252946328956972,0.0625739841184006,False,False,0.010891676085466926,0.00010892269271578492,False
CYP2C9,rs1799853,South Asian,pgx,1.0241667018131206,1.024824692427853,0.8475177880967559,0.8479432381211018,False,False,0.06424643698799305,0.0006422580779987079,False
CYP2C9,rs1057910,South Asian,pgx,0.864725334998819,0.8646311519163019,0.007194095530357335,0.007298241909099603,True,True,0.010891676085470864,0.00010892269271581267,False
DPYD,rs3918290,Admixed American,pgx,1.4744482621112458,1.4750425332864907,0.1605256115387433,0.16295023401394484,False,False,0.04030464754280215,0.0004029652740152323,False
DPYD,rs3918290,African,pgx,4.348745876315651,4.350498623013633,3.412502575301452e-09,2.1920024890843938e-09,True,True,0.04030464754280804,0.00040296527401539883,False
DPYD,rs3918290,East Asian,pgx,26.35342322293494,26.358511866581143,3.169835552406663e-05,3.414733504401462e-05,True,True,0.019309232061264395,0.0001930736806898814,False
DPYD,rs3918290,European,pgx,0.5003902676429005,0.5005919481766125,2.3801221088226427e-06,2.0448871052960454e-06,True,True,0.04030464754280015,0.0004029652740151768,False
DPYD,rs3918290,Middle Eastern,pgx,1.4958240607409348,1.4961128928800513,1.0,1.0,False,False,0.01930923206125588,0.0001930736806898814,False
DPYD,rs3918290,South Asian,pgx,0.8639202866568422,0.8642684866834299,0.6968635838566011,0.6975126512272043,False,False,0.04030464754279596,0.0004029652740151768,False
SLCO1B1,rs4149056,Admixed American,pgx,0.4025062923381608,0.4024138344422466,2.932573033352543e-123,1.2748791494818755e-124,True,True,0.022970546715464647,0.00022973185349628444,False
SLCO1B1,rs4149056,African,pgx,1.8463838316281749,1.8459597071675842,1.4655994547841274e-46,4.3306785004173705e-47,True,True,0.022970546715451994,0.00022973185349617342,False
SLCO1B1,rs4149056,East Asian,pgx,0.41304829419583516,0.4129534147444595,1.4873887664182785e-59,6.369057326118194e-60,True,True,0.022970546715456674,0.00022973185349617342,False
SLCO1B1,rs4149056,European,pgx,0.31961304267786605,0.319539625814589,0.0,0.0,True,True,0.022970546715469838,0.00022973185349628444,False
SLCO1B1,rs4149056,Middle Eastern,pgx,0.22568496576957708,0.22563312469908522,2.3124716441067034e-18,2.2451735266906323e-18,True,True,0.02297054671545497,0.0002297318534960624,False
SLCO1B1,rs4149056,South Asian,pgx,1.1777592643218733,1.1774887265798666,0.0347740099244452,0.034592906760816396,True,True,0.02297054671545826,0.00022973185349620118,False
TPMT,rs1142345,Admixed American,pgx,0.3480220103384145,0.34791497056737297,5.853571932298669e-63,1.2087193762728778e-63,True,True,0.030756609599908512,0.0003076134041513079,False
TPMT,rs1142345,African,pgx,0.3179205605449371,0.3178227789592925,1.8591938010862735e-109,3.928497212764276e-111,True,True,0.030756609599896022,0.0003076134041513079,False
TPMT,rs1142345,East Asian,pgx,1.33376093128436,1.3333507116417287,0.03910749052029757,0.034592906760816396,True,True,0.030756609599907076,0.0003076134041513079,False
TPMT,rs1142345,European,pgx,0.4194397309723691,0.41931072553180704,4.867428273598908e-63,3.999029483621319e-64,True,True,0.030756609599901015,0.00030761340415119687,False
TPMT,rs1142345,Middle Eastern,pgx,1.0700856519657391,1.0697565298993796,1.0,1.0,False,False,0.030756609599885184,0.0003076134041510581,False
TPMT,rs1142345,South Asian,pgx,0.9637240452796126,0.9634276364373857,0.8275982047838901,0.8280385275726511,False,False,0.03075660959989078,0.0003076134041511136,False
