gene,rsid,phenotype,population,af_india,af_india_ci,af_pop,af_pop_ci,ac_india,an_india,ac_pop,an_pop,odds_ratio,or_95ci,chi2,p_value,fst_locus,q_value,significant_fdr
ALDH2,rs671,Alcohol flush / ESCC,Admixed American,5e-05,0.0000-0.0003,0.00092,0.0005-0.0015,1,19145,14,15274,0.0569,0.007-0.433,14.57,0.00013496751904970946,0.00071,0.0002024512785745642,True
ALDH2,rs671,Alcohol flush / ESCC,African,5e-05,0.0000-0.0003,0.00019,0.0001-0.0004,1,19145,8,41546,0.2712,0.034-2.169,1.74,0.18707516720280407,5e-05,0.22995604433191535,False
ALDH2,rs671,Alcohol flush / ESCC,East Asian,5e-05,0.0000-0.0003,0.22486,0.2136-0.2365,1,19145,1154,5132,0.0002,0.000-0.001,4514.05,0.0,0.22458,0.0,True
ALDH2,rs671,Alcohol flush / ESCC,European,5e-05,0.0000-0.0003,3e-05,0.0000-0.0001,1,19145,2,68020,1.7765,0.161-19.593,0.23,0.6343173051987278,-3e-05,0.6766051255453096,False
ALDH2,rs671,Alcohol flush / ESCC,Middle Eastern,5e-05,0.0000-0.0003,0.0,0.0000-0.0129,1,19145,0,294,0.0461,0.002-1.135,0.02,0.9013750598056011,0.0,0.9013750598056011,False
ALDH2,rs671,Alcohol flush / ESCC,South Asian,5e-05,0.0000-0.0003,0.00083,0.0003-0.0021,1,19145,4,4820,0.0629,0.007-0.563,11.16,0.0008344240116731917,0.00049,0.0011780103694209764,True
APOE,rs429358,Alzheimer's disease,Admixed American,0.11685,0.1124-0.1215,0.11333,0.1084-0.1185,2237,19145,1734,15300,1.0351,0.968-1.106,1.03,0.31056811530201356,0.0,0.3549349889165869,False
APOE,rs429358,Alzheimer's disease,African,0.11685,0.1124-0.1215,0.2157,0.2118-0.2197,2237,19145,8954,41512,0.4811,0.458-0.506,850.94,4.5319042996860956e-187,0.0346,1.9775582398630236e-186,True
APOE,rs429358,Alzheimer's disease,East Asian,0.11685,0.1124-0.1215,0.09771,0.0899-0.1061,2237,19145,503,5148,1.2218,1.103-1.353,14.85,0.00011651192425084189,0.00179,0.00018040556013033582,True
APOE,rs429358,Alzheimer's disease,European,0.11685,0.1124-0.1215,0.13794,0.1354-0.1405,2237,19145,9368,67916,0.8269,0.787-0.869,57.5,3.38066791355349e-14,0.00197,8.540634728977238e-14,True
APOE,rs429358,Alzheimer's disease,Middle Eastern,0.11685,0.1124-0.1215,0.06849,0.0448-0.1034,2237,19145,20,292,1.7993,1.140-2.840,6.55,0.010479533540157675,0.01248,0.01437193171221624,True
APOE,rs429358,Alzheimer's disease,South Asian,0.11685,0.1124-0.1215,0.10455,0.0962-0.1135,2237,19145,505,4830,1.1331,1.023-1.255,5.75,0.016471653694620194,0.00064,0.02196220492616026,True
CETP,rs3764261,Low HDL cholesterol,Admixed American,0.29909,0.2926-0.3056,0.29476,0.2876-0.3020,5726,19145,4501,15270,1.0209,0.974-1.070,0.76,0.3830857040309166,-1e-05,0.4199621788306198,False
CETP,rs3764261,Low HDL cholesterol,African,0.29909,0.2926-0.3056,0.32128,0.3168-0.3258,5726,19145,13321,41462,0.9014,0.869-0.936,29.94,4.45112397125093e-08,0.00111,8.546158024801785e-08,True
CETP,rs3764261,Low HDL cholesterol,East Asian,0.29909,0.2926-0.3056,0.16499,0.1551-0.1754,5726,19145,853,5170,2.1596,1.994-2.339,370.88,1.2037862081329472e-82,0.04911,4.1272669993129614e-82,True
CETP,rs3764261,Low HDL cholesterol,European,0.29909,0.2926-0.3056,0.32397,0.3205-0.3275,5726,19145,22019,67966,0.8904,0.860-0.922,42.62,6.66250344336898e-11,0.00141,1.4536371149168684e-10,True
CETP,rs3764261,Low HDL cholesterol,Middle Eastern,0.29909,0.2926-0.3056,0.2619,0.2149-0.3150,5726,19145,77,294,1.2025,0.926-1.562,1.91,0.16679250416713584,0.00176,0.21068526842164528,False
CETP,rs3764261,Low HDL cholesterol,South Asian,0.29909,0.2926-0.3056,0.33514,0.3219-0.3486,5726,19145,1610,4804,0.8465,0.791-0.906,23.49,1.2556076882522746e-06,0.00286,2.078247208141696e-06,True
CYP2C19,rs4244285,Clopidogrel non-response,Admixed American,0.37017,0.3634-0.3770,0.13011,0.1249-0.1355,7087,19145,1981,15226,3.9297,3.717-4.154,2516.64,0.0,0.14262,0.0,True
CYP2C19,rs4244285,Clopidogrel non-response,African,0.37017,0.3634-0.3770,0.17712,0.1735-0.1808,7087,19145,7318,41316,2.7305,2.627-2.838,2686.58,0.0,0.08952,0.0,True
CYP2C19,rs4244285,Clopidogrel non-response,East Asian,0.37017,0.3634-0.3770,0.31187,0.2994-0.3247,7087,19145,1608,5156,1.2968,1.214-1.385,60.1,9.032938917425724e-15,0.00742,2.4087837113135266e-14,True
CYP2C19,rs4244285,Clopidogrel non-response,European,0.37017,0.3634-0.3770,0.14795,0.1453-0.1506,7087,19145,10042,67874,3.3848,3.265-3.510,4664.54,0.0,0.12083,0.0,True
CYP2C19,rs4244285,Clopidogrel non-response,Middle Eastern,0.37017,0.3634-0.3770,0.08562,0.0587-0.1233,7087,19145,25,292,6.2771,4.162-9.468,100.38,1.2601459148373288e-23,0.20564,3.7804377445119865e-23,True
CYP2C19,rs4244285,Clopidogrel non-response,South Asian,0.37017,0.3634-0.3770,0.33222,0.3190-0.3457,7087,19145,1588,4780,1.1814,1.105-1.263,23.84,1.0443764329269219e-06,0.00303,1.7903595993032945e-06,True
FTO,rs9939609,Obesity / BMI,Admixed American,0.32134,0.3148-0.3280,0.3149,0.3076-0.3223,6152,19145,4811,15278,1.0301,0.984-1.078,1.62,0.20259269633861382,4e-05,0.23718169327447472,False
FTO,rs9939609,Obesity / BMI,African,0.32134,0.3148-0.3280,0.4788,0.4740-0.4836,6152,19145,19834,41424,0.5154,0.497-0.534,1325.37,3.468193316513291e-290,0.05032,2.080915989907975e-289,True
FTO,rs9939609,Obesity / BMI,East Asian,0.32134,0.3148-0.3280,0.15475,0.1452-0.1649,6152,19145,801,5176,2.5861,2.384-2.805,553.83,1.8466923921061094e-122,0.07358,7.386769568424438e-122,True
FTO,rs9939609,Obesity / BMI,European,0.32134,0.3148-0.3280,0.40795,0.4043-0.4116,6152,19145,27725,67962,0.6872,0.664-0.711,471.48,1.5265765559856637e-104,0.01603,5.636590360562451e-104,True
FTO,rs9939609,Obesity / BMI,Middle Eastern,0.32134,0.3148-0.3280,0.38435,0.3306-0.4411,6152,19145,113,294,0.7584,0.598-0.961,5.26,0.021766131470506187,0.00687,0.02823714352930532,True
FTO,rs9939609,Obesity / BMI,South Asian,0.32134,0.3148-0.3280,0.31481,0.3018-0.3281,6152,19145,1518,4822,1.0306,0.963-1.103,0.75,0.3849653305947348,-3e-05,0.4199621788306198,False
LPA,rs10455872,Coronary artery disease,Admixed American,0.0082,0.0070-0.0096,0.03835,0.0354-0.0415,157,19145,586,15280,0.2073,0.174-0.248,365.8,1.5350742525825484e-81,0.01973,4.9122376082641545e-81,True
LPA,rs10455872,Coronary artery disease,African,0.0082,0.0070-0.0096,0.01215,0.0111-0.0132,157,19145,505,41572,0.6724,0.562-0.805,18.94,1.3514393690992732e-05,0.00074,2.162302990558837e-05,True
LPA,rs10455872,Coronary artery disease,East Asian,0.0082,0.0070-0.0096,0.00097,0.0004-0.0023,157,19145,5,5156,8.5181,3.495-20.762,32.07,1.485153502272566e-08,0.00564,3.099450787351442e-08,True
LPA,rs10455872,Coronary artery disease,European,0.0082,0.0070-0.0096,0.06945,0.0676-0.0714,157,19145,4723,68006,0.1108,0.094-0.130,1060.25,1.4391915180744782e-232,0.04901,7.675688096397217e-232,True
LPA,rs10455872,Coronary artery disease,Middle Eastern,0.0082,0.0070-0.0096,0.0068,0.0019-0.0245,157,19145,2,294,1.2072,0.298-4.893,0.07,0.7917124776840584,-0.00145,0.8085574240177618,False
LPA,rs10455872,Coronary artery disease,South Asian,0.0082,0.0070-0.0096,0.01014,0.0077-0.0134,157,19145,49,4832,0.8071,0.585-1.114,1.71,0.1916300369432628,7e-05,0.22995604433191535,False
MTHFR,rs1801133,Hyperhomocysteinemia,Admixed American,0.12719,0.1225-0.1320,0.44377,0.4359-0.4517,2435,19145,6772,15260,0.1826,0.173-0.193,4342.44,0.0,0.21875,0.0,True
MTHFR,rs1801133,Hyperhomocysteinemia,African,0.12719,0.1225-0.1320,0.1118,0.1088-0.1149,2435,19145,4641,41510,1.1576,1.099-1.220,30.09,4.1326568269799493e-08,0.00108,8.265313653959899e-08,True
MTHFR,rs1801133,Hyperhomocysteinemia,East Asian,0.12719,0.1225-0.1320,0.3017,0.2893-0.3144,2435,19145,1561,5174,0.3373,0.314-0.363,903.38,1.80347819888801e-198,0.08635,8.656695354662447e-198,True
MTHFR,rs1801133,Hyperhomocysteinemia,European,0.12719,0.1225-0.1320,0.33732,0.3338-0.3409,2435,19145,22918,67942,0.2863,0.274-0.300,3195.72,0.0,0.11657,0.0,True
MTHFR,rs1801133,Hyperhomocysteinemia,Middle Eastern,0.12719,0.1225-0.1320,0.28912,0.2403-0.3434,2435,19145,85,294,0.3583,0.277-0.463,67.29,2.3442493629062596e-16,0.07444,6.619057024676497e-16,True
MTHFR,rs1801133,Hyperhomocysteinemia,South Asian,0.12719,0.1225-0.1320,0.14768,0.1380-0.1580,2435,19145,713,4828,0.841,0.769-0.920,14.19,0.00016481192545088485,0.00164,0.00023972643701946887,True
TCF7L2,rs7903146,Type 2 diabetes,Admixed American,0.26628,0.2601-0.2726,0.2649,0.2580-0.2720,5098,19145,4044,15266,1.0071,0.960-1.057,0.08,0.7731959042510587,-5e-05,0.8068131174793656,False
TCF7L2,rs7903146,Type 2 diabetes,African,0.26628,0.2601-0.2726,0.29314,0.2888-0.2975,5098,19145,12132,41386,0.8751,0.842-0.909,46.37,9.766049192559201e-12,0.00175,2.232239815442103e-11,True
TCF7L2,rs7903146,Type 2 diabetes,East Asian,0.26628,0.2601-0.2726,0.02688,0.0228-0.0316,5098,19145,139,5172,13.141,11.069-15.600,1381.15,2.6220974175277896e-302,0.20549,1.7980096577333413e-301,True
TCF7L2,rs7903146,Type 2 diabetes,European,0.26628,0.2601-0.2726,0.29187,0.2885-0.2953,5098,19145,19833,67952,0.8805,0.849-0.913,47.85,4.59365352255229e-12,0.00159,1.1024768454125495e-11,True
TCF7L2,rs7903146,Type 2 diabetes,Middle Eastern,0.26628,0.2601-0.2726,0.40476,0.3502-0.4617,5098,19145,119,294,0.5337,0.422-0.675,28.28,1.0504910253347093e-07,0.04027,1.9393680467717711e-07,True
TCF7L2,rs7903146,Type 2 diabetes,South Asian,0.26628,0.2601-0.2726,0.30423,0.2914-0.3174,5098,19145,1467,4822,0.83,0.774-0.889,27.89,1.2854650993025008e-07,0.00339,2.2852712876488902e-07,True
