gene,rsid,phenotype,category,population,af_india,af_india_ci,af_pop,af_pop_ci,ac_india,an_india,ac_pop,an_pop,odds_ratio,or_95ci,or_lower,or_upper,p_value,fst_locus,q_value,significant_fdr,direction
ALDH2,rs671,Alcohol flush / ESCC,control,Admixed American,5.2e-05,0.0000-0.0003,0.000917,0.0005-0.0015,1,19145,14,15274,0.0569,0.007-0.433,0.007486035752932511,0.4330476914224629,0.0001006315534194674,0.00071,0.00015094733012920112,True,lower
ALDH2,rs671,Alcohol flush / ESCC,control,African,5.2e-05,0.0000-0.0003,0.000193,0.0001-0.0004,1,19145,8,41546,0.2712,0.034-2.169,0.03391877226522984,2.16873103715629,0.2887319987254956,5e-05,0.3412287257664948,False,lower
ALDH2,rs671,Alcohol flush / ESCC,control,East Asian,5.2e-05,0.0000-0.0003,0.224864,0.2136-0.2365,1,19145,1154,5132,0.0002,0.000-0.001,2.5334434302257587e-05,0.0012797977946057196,0.0,0.22458,0.0,True,lower
ALDH2,rs671,Alcohol flush / ESCC,control,European,5.2e-05,0.0000-0.0003,2.9e-05,0.0000-0.0001,1,19145,2,68020,1.7765,0.161-19.593,0.16106976840019266,19.593332964369658,0.5247968923324761,-3e-05,0.5847736800276162,False,higher
ALDH2,rs671,Alcohol flush / ESCC,control,Middle Eastern,5.2e-05,0.0000-0.0003,0.0,0.0000-0.0129,1,19145,0,294,0.0461,0.002-1.135,0.001875997976243101,1.1352530714255595,1.0,0.0,1.0,False,lower
ALDH2,rs671,Alcohol flush / ESCC,control,South Asian,5.2e-05,0.0000-0.0003,0.00083,0.0003-0.0021,1,19145,4,4820,0.0629,0.007-0.563,0.007027569243850745,0.5628367792056752,0.006859376986395246,0.00049,0.009727843726160531,True,lower
APOE,rs429358,Alzheimer's disease,disease,Admixed American,0.116845,0.1124-0.1215,0.113333,0.1084-0.1185,2237,19145,1734,15300,1.0351,0.968-1.106,0.9683397230630184,1.1064331551750457,0.3165117296253661,0.0,0.3684763419519188,False,higher
APOE,rs429358,Alzheimer's disease,disease,African,0.116845,0.1124-0.1215,0.215697,0.2118-0.2197,2237,19145,8954,41512,0.4811,0.458-0.506,0.45765313349256737,0.5056992472629674,1.4536914517382282e-199,0.0346,8.72214871042937e-199,True,lower
APOE,rs429358,Alzheimer's disease,disease,East Asian,0.116845,0.1124-0.1215,0.097708,0.0899-0.1061,2237,19145,503,5148,1.2218,1.103-1.353,1.1032729359458062,1.3530068385213554,9.728725441584979e-05,0.00179,0.00014879227145953497,True,higher
APOE,rs429358,Alzheimer's disease,disease,European,0.116845,0.1124-0.1215,0.137935,0.1354-0.1405,2237,19145,9368,67916,0.8269,0.787-0.869,0.7871791673983058,0.8685688742021227,1.7010613763940245e-14,0.00197,3.902434922315703e-14,True,lower
APOE,rs429358,Alzheimer's disease,disease,Middle Eastern,0.116845,0.1124-0.1215,0.068493,0.0448-0.1034,2237,19145,20,292,1.7993,1.140-2.840,1.140180013823491,2.8395654454150896,0.009617247014080047,0.01248,0.013395451198182922,True,higher
APOE,rs429358,Alzheimer's disease,disease,South Asian,0.116845,0.1124-0.1215,0.104555,0.0962-0.1135,2237,19145,505,4830,1.1331,1.023-1.255,1.0230436224296438,1.2549973387412177,0.01624659793104506,0.00064,0.022232186642482714,True,higher
CETP,rs3764261,Low HDL cholesterol,disease,Admixed American,0.299086,0.2926-0.3056,0.294761,0.2876-0.3020,5726,19145,4501,15270,1.0209,0.974-1.070,0.9744931021555585,1.0695875529043142,0.3861998952686817,-1e-05,0.43850445507830044,False,higher
CETP,rs3764261,Low HDL cholesterol,disease,African,0.299086,0.2926-0.3056,0.321282,0.3168-0.3258,5726,19145,13321,41462,0.9014,0.869-0.936,0.8685371192329415,0.9355766914099357,4.304758531248085e-08,0.00111,7.994551558032158e-08,True,lower
CETP,rs3764261,Low HDL cholesterol,disease,East Asian,0.299086,0.2926-0.3056,0.16499,0.1551-0.1754,5726,19145,853,5170,2.1596,1.994-2.339,1.9941358182089697,2.338695512368913,5.405396126492866e-89,0.04911,2.108104489332218e-88,True,higher
CETP,rs3764261,Low HDL cholesterol,disease,European,0.299086,0.2926-0.3056,0.323971,0.3205-0.3275,5726,19145,22019,67966,0.8904,0.860-0.922,0.8599060191495641,0.9219991710541444,5.699636549814051e-11,0.00141,1.1114291272137399e-10,True,lower
CETP,rs3764261,Low HDL cholesterol,disease,Middle Eastern,0.299086,0.2926-0.3056,0.261905,0.2149-0.3150,5726,19145,77,294,1.2025,0.926-1.562,0.9255329500710453,1.5624585833736306,0.17764925829677192,0.00176,0.21994670074838427,False,higher
CETP,rs3764261,Low HDL cholesterol,disease,South Asian,0.299086,0.2926-0.3056,0.335137,0.3219-0.3486,5726,19145,1610,4804,0.8465,0.791-0.906,0.7913311351778531,0.9055703606605799,1.4745026155482642e-06,0.00286,2.396066750265929e-06,True,lower
FTO,rs9939609,Obesity / BMI,disease,Admixed American,0.321337,0.3148-0.3280,0.314897,0.3076-0.3223,6152,19145,4811,15278,1.0301,0.984-1.078,0.9841471854464088,1.078269836511032,0.2044310429160845,4e-05,0.2453172514993014,False,higher
FTO,rs9939609,Obesity / BMI,disease,African,0.321337,0.3148-0.3280,0.478805,0.4740-0.4836,6152,19145,19834,41424,0.5154,0.497-0.534,0.4972105797746937,0.5342666708772836,2.462643000293865e-295,0.05032,1.6007179501910122e-294,True,lower
FTO,rs9939609,Obesity / BMI,disease,East Asian,0.321337,0.3148-0.3280,0.154753,0.1452-0.1649,6152,19145,801,5176,2.5861,2.384-2.805,2.3844360947554324,2.8049115568014833,6.739835886662005e-134,0.07358,3.5047146610642426e-133,True,higher
FTO,rs9939609,Obesity / BMI,disease,European,0.321337,0.3148-0.3280,0.407949,0.4043-0.4116,6152,19145,27725,67962,0.6872,0.664-0.711,0.6642120313365265,0.7109108050604404,2.1545804330641243e-106,0.01603,9.336515209944538e-106,True,lower
FTO,rs9939609,Obesity / BMI,disease,Middle Eastern,0.321337,0.3148-0.3280,0.384354,0.3306-0.4411,6152,19145,113,294,0.7584,0.598-0.961,0.5984184731794271,0.9611895659189379,0.023565930937039712,0.00687,0.03169211401877754,True,lower
FTO,rs9939609,Obesity / BMI,disease,South Asian,0.321337,0.3148-0.3280,0.314807,0.3018-0.3281,6152,19145,1518,4822,1.0306,0.963-1.103,0.9628898347105282,1.1029954197454683,0.38790778718465035,-3e-05,0.43850445507830044,False,higher
LPA,rs10455872,Coronary artery disease,disease,Admixed American,0.008201,0.0070-0.0096,0.038351,0.0354-0.0415,157,19145,586,15280,0.2073,0.174-0.248,0.17361917551892198,0.2475870972886117,4.962346463102931e-84,0.01973,1.843157257723946e-83,True,lower
LPA,rs10455872,Coronary artery disease,disease,African,0.008201,0.0070-0.0096,0.012148,0.0111-0.0132,157,19145,505,41572,0.6724,0.562-0.805,0.5616723868148124,0.8049353221122023,9.586131121653031e-06,0.00074,1.5259555663039518e-05,True,lower
LPA,rs10455872,Coronary artery disease,disease,East Asian,0.008201,0.0070-0.0096,0.00097,0.0004-0.0023,157,19145,5,5156,8.5181,3.495-20.762,3.4947869958465283,20.761715654149082,4.775587219764345e-11,0.00564,9.55117443952869e-11,True,higher
LPA,rs10455872,Coronary artery disease,disease,European,0.008201,0.0070-0.0096,0.06945,0.0676-0.0714,157,19145,4723,68006,0.1108,0.094-0.130,0.09442279406755193,0.12998769371780644,0.0,0.04901,0.0,True,lower
LPA,rs10455872,Coronary artery disease,disease,Middle Eastern,0.008201,0.0070-0.0096,0.006803,0.0019-0.0245,157,19145,2,294,1.2072,0.298-4.893,0.29783378797787474,4.892970588310607,1.0,-0.00145,1.0,False,higher
LPA,rs10455872,Coronary artery disease,disease,South Asian,0.008201,0.0070-0.0096,0.010141,0.0077-0.0134,157,19145,49,4832,0.8071,0.585-1.114,0.5847276668530055,1.1140272575483807,0.19116250561587483,7e-05,0.23297930371934747,False,lower
MTHFR,rs1801133,Hyperhomocysteinemia,disease,Admixed American,0.127187,0.1225-0.1320,0.443775,0.4359-0.4517,2435,19145,6772,15260,0.1826,0.173-0.193,0.17318806429214934,0.19262112545821494,0.0,0.21875,0.0,True,lower
MTHFR,rs1801133,Hyperhomocysteinemia,disease,African,0.127187,0.1225-0.1320,0.111804,0.1088-0.1149,2435,19145,4641,41510,1.1576,1.099-1.220,1.0986040770165628,1.219841501409947,5.1922353885636014e-08,0.00108,9.418473495533974e-08,True,higher
MTHFR,rs1801133,Hyperhomocysteinemia,disease,East Asian,0.127187,0.1225-0.1320,0.301701,0.2893-0.3144,2435,19145,1561,5174,0.3373,0.314-0.363,0.3135275459417496,0.3628268724252383,5.336904385595212e-177,0.08635,2.973418157688761e-176,True,lower
MTHFR,rs1801133,Hyperhomocysteinemia,disease,European,0.127187,0.1225-0.1320,0.337317,0.3338-0.3409,2435,19145,22918,67942,0.2863,0.274-0.300,0.2735747697626895,0.2995737185374327,0.0,0.11657,0.0,True,lower
MTHFR,rs1801133,Hyperhomocysteinemia,disease,Middle Eastern,0.127187,0.1225-0.1320,0.289116,0.2403-0.3434,2435,19145,85,294,0.3583,0.277-0.463,0.27745958900714524,0.4627005475929003,2.991419806901441e-13,0.07444,6.666592712523211e-13,True,lower
MTHFR,rs1801133,Hyperhomocysteinemia,disease,South Asian,0.127187,0.1225-0.1320,0.14768,0.1380-0.1580,2435,19145,713,4828,0.841,0.769-0.920,0.7685042619692094,0.9203634647656243,0.00019866585258966203,0.00164,0.0002923761604149743,True,lower
TCF7L2,rs7903146,Type 2 diabetes,disease,Admixed American,0.266284,0.2601-0.2726,0.264902,0.2580-0.2720,5098,19145,4044,15266,1.0071,0.960-1.057,0.9597543361798093,1.0567947555440242,0.7775566664491579,-5e-05,0.830813972370333,False,higher
TCF7L2,rs7903146,Type 2 diabetes,disease,African,0.266284,0.2601-0.2726,0.293143,0.2888-0.2975,5098,19145,12132,41386,0.8751,0.842-0.909,0.8421504807113696,0.9093865096986382,8.561204855650262e-12,0.00175,1.7572999440545276e-11,True,lower
TCF7L2,rs7903146,Type 2 diabetes,disease,East Asian,0.266284,0.2601-0.2726,0.026875,0.0228-0.0316,5098,19145,139,5172,13.141,11.069-15.600,11.069481639589117,15.600175115881243,0.0,0.20549,0.0,True,higher
TCF7L2,rs7903146,Type 2 diabetes,disease,European,0.266284,0.2601-0.2726,0.291868,0.2885-0.2953,5098,19145,19833,67952,0.8805,0.849-0.913,0.8493414457511699,0.9128649727857812,3.826886922811587e-12,0.00159,8.291588332758438e-12,True,lower
TCF7L2,rs7903146,Type 2 diabetes,disease,Middle Eastern,0.266284,0.2601-0.2726,0.404762,0.3502-0.4617,5098,19145,119,294,0.5337,0.422-0.675,0.42190484939784734,0.6751498178036568,3.7149044151862627e-07,0.04027,6.439167652989523e-07,True,lower
TCF7L2,rs7903146,Type 2 diabetes,disease,South Asian,0.266284,0.2601-0.2726,0.304231,0.2914-0.3174,5098,19145,1467,4822,0.83,0.774-0.889,0.7744954484890715,0.8894846317639429,1.6021865602153527e-07,0.00339,2.8402398112908524e-07,True,lower
CYP2C19,rs4244285,Clopidogrel (*2),pgx,Admixed American,0.370175,0.3634-0.3770,0.130106,0.1249-0.1355,7087,19145,1981,15226,3.9297,3.717-4.154,3.7171791256980433,4.154280250739123,0.0,0.14262,0.0,True,higher
CYP2C19,rs4244285,Clopidogrel (*2),pgx,African,0.370175,0.3634-0.3770,0.177123,0.1735-0.1808,7087,19145,7318,41316,2.7305,2.627-2.838,2.626853159829087,2.8383139957722188,0.0,0.08952,0.0,True,higher
CYP2C19,rs4244285,Clopidogrel (*2),pgx,East Asian,0.370175,0.3634-0.3770,0.31187,0.2994-0.3247,7087,19145,1608,5156,1.2968,1.214-1.385,1.2142240531724384,1.385066445379309,6.404457489619356e-15,0.00742,1.513780861182757e-14,True,higher
CYP2C19,rs4244285,Clopidogrel (*2),pgx,European,0.370175,0.3634-0.3770,0.147951,0.1453-0.1506,7087,19145,10042,67874,3.3848,3.265-3.510,3.264513792777141,3.509552859742166,0.0,0.12083,0.0,True,higher
CYP2C19,rs4244285,Clopidogrel (*2),pgx,Middle Eastern,0.370175,0.3634-0.3770,0.085616,0.0587-0.1233,7087,19145,25,292,6.2771,4.162-9.468,4.161671288189169,9.467799179914868,1.7776663407048208e-28,0.20564,4.621932485832534e-28,True,higher
CYP2C19,rs4244285,Clopidogrel (*2),pgx,South Asian,0.370175,0.3634-0.3770,0.332218,0.3190-0.3457,7087,19145,1588,4780,1.1814,1.105-1.263,1.104893093184574,1.2632194875969769,9.834338692242153e-07,0.00303,1.6675617782497563e-06,True,higher
CYP2C9,rs1799853,Warfarin dose (*2),pgx,Admixed American,0.039697,0.0370-0.0426,0.097799,0.0932-0.1026,760,19145,1493,15266,0.3813,0.348-0.417,0.34849324533175047,0.41729485569029345,8.574642566367485e-104,0.02596,3.520116421982441e-103,True,lower
CYP2C9,rs1057910,Warfarin dose (*3),pgx,Admixed American,0.100235,0.0961-0.1046,0.049012,0.0457-0.0525,1919,19145,749,15282,2.1615,1.981-2.359,1.980878216479805,2.3586863801523377,1.6240915092140884e-72,0.01876,5.50778859646517e-72,True,higher
CYP2C9,rs1799853,Warfarin dose (*2),pgx,African,0.039697,0.0370-0.0426,0.023522,0.0221-0.0250,760,19145,977,41536,1.7161,1.558-1.890,1.558412113014029,1.8897438951182965,3.321700069265439e-27,0.00422,8.357825980732396e-27,True,higher
CYP2C9,rs1057910,Warfarin dose (*3),pgx,African,0.100235,0.0961-0.1046,0.012537,0.0115-0.0137,1919,19145,521,41556,8.7742,7.952-9.682,7.951550162524705,9.681946746874805,0.0,0.06971,0.0,True,higher
CYP2C9,rs1799853,Warfarin dose (*2),pgx,East Asian,0.039697,0.0370-0.0426,0.000387,0.0001-0.0014,760,19145,2,5170,106.8175,26.656-428.040,26.656343571789876,428.0400020276534,9.996272762256417e-77,0.03853,3.544133070254548e-76,True,higher
CYP2C9,rs1057910,Warfarin dose (*3),pgx,East Asian,0.100235,0.0961-0.1046,0.030742,0.0264-0.0358,1919,19145,159,5172,3.5123,2.979-4.141,2.9787109805404453,4.141463688628337,1.0198766830999263e-68,0.03861,3.3145992200747602e-68,True,higher
CYP2C9,rs1799853,Warfarin dose (*2),pgx,European,0.039697,0.0370-0.0426,0.126607,0.1241-0.1291,760,19145,8609,67998,0.2852,0.264-0.308,0.2643022533773021,0.307684529244678,2.0194991441107e-311,0.04832,1.4320084840058e-310,True,lower
CYP2C9,rs1057910,Warfarin dose (*3),pgx,European,0.100235,0.0961-0.1046,0.066217,0.0644-0.0681,1919,19145,4503,68004,1.571,1.485-1.661,1.4853847085890663,1.6614961914334727,2.5264613388853524e-53,0.00752,7.037999444037768e-53,True,higher
CYP2C9,rs1799853,Warfarin dose (*2),pgx,Middle Eastern,0.039697,0.0370-0.0426,0.139456,0.1045-0.1837,760,19145,41,294,0.2551,0.182-0.358,0.1819526648665262,0.35761425697478616,7.731618781394727e-12,0.05676,1.6299088241859153e-11,True,lower
CYP2C9,rs1057910,Warfarin dose (*3),pgx,Middle Eastern,0.100235,0.0961-0.1046,0.064626,0.0418-0.0987,1919,19145,19,294,1.6124,1.010-2.573,1.0104552006262069,2.5728957287334655,0.048901246931586574,0.00696,0.06252946328956972,False,higher
CYP2C9,rs1799853,Warfarin dose (*2),pgx,South Asian,0.039697,0.0370-0.0426,0.038797,0.0337-0.0446,760,19145,187,4820,1.0242,0.870-1.206,0.8699438082454123,1.2057300979224448,0.8040553374251274,-0.00012,0.8475177880967559,False,higher
CYP2C9,rs1057910,Warfarin dose (*3),pgx,South Asian,0.100235,0.0961-0.1046,0.114126,0.1055-0.1234,1919,19145,551,4828,0.8647,0.782-0.956,0.7820646109335959,0.956122927102132,0.00498052767486277,0.00087,0.007194095530357335,True,lower
DPYD,rs3918290,Fluoropyrimidine toxicity,pgx,Admixed American,0.002507,0.0019-0.0033,0.001702,0.0012-0.0025,48,19145,26,15278,1.4744,0.914-2.377,0.9144238641215072,2.3774507238297486,0.1275972809666934,0.0001,0.1605256115387433,False,higher
DPYD,rs3918290,Fluoropyrimidine toxicity,pgx,African,0.002507,0.0019-0.0033,0.000578,0.0004-0.0009,48,19145,24,41548,4.3487,2.663-7.101,2.6633584982961582,7.100655322545116,1.7937513536840965e-09,0.00116,3.412502575301452e-09,True,higher
DPYD,rs3918290,Fluoropyrimidine toxicity,pgx,East Asian,0.002507,0.0019-0.0033,0.0,0.0000-0.0007,48,19145,0,5188,26.3534,1.625-427.467,1.624693745121373,427.4669719462996,2.031945866927348e-05,0.00246,3.169835552406663e-05,True,higher
DPYD,rs3918290,Fluoropyrimidine toxicity,pgx,European,0.002507,0.0019-0.0033,0.004998,0.0045-0.0056,48,19145,340,68028,0.5004,0.370-0.677,0.3697214222108604,0.6772407680746461,1.434176142495695e-06,0.0008,2.3801221088226427e-06,True,lower
DPYD,rs3918290,Fluoropyrimidine toxicity,pgx,Middle Eastern,0.002507,0.0019-0.0033,0.0,0.0000-0.0129,48,19145,0,294,1.4958,0.092-24.317,0.09201453892279939,24.31669654475759,1.0,0.00246,1.0,False,higher
DPYD,rs3918290,Fluoropyrimidine toxicity,pgx,South Asian,0.002507,0.0019-0.0033,0.002901,0.0017-0.0049,48,19145,14,4826,0.8639,0.476-1.568,0.47594324995828513,1.568166502545537,0.6343245442797266,-0.00011,0.6968635838566011,False,lower
SLCO1B1,rs4149056,Statin myopathy (*5),pgx,Admixed American,0.056882,0.0537-0.0603,0.130315,0.1251-0.1357,1089,19145,1992,15286,0.4025,0.373-0.435,0.37260667801861574,0.43480518447315303,6.015534427389832e-124,0.03122,2.932573033352543e-123,True,lower
SLCO1B1,rs4149056,Statin myopathy (*5),pgx,African,0.056882,0.0537-0.0603,0.031632,0.0300-0.0334,1089,19145,1315,41572,1.8464,1.701-2.005,1.700677795639062,2.0045732721622875,5.449023613940987e-47,0.00747,1.4655994547841274e-46,True,higher
SLCO1B1,rs4149056,Statin myopathy (*5),pgx,East Asian,0.056882,0.0537-0.0603,0.127413,0.1186-0.1368,1089,19145,660,5180,0.413,0.373-0.457,0.3729821695064124,0.4574183628237919,5.148653422217118e-60,0.02915,1.4873887664182785e-59,True,lower
SLCO1B1,rs4149056,Statin myopathy (*5),pgx,European,0.056882,0.0537-0.0603,0.158748,0.1560-0.1615,1089,19145,10792,67982,0.3196,0.300-0.341,0.29964112879674676,0.34091614011738597,0.0,0.0525,0.0,True,lower
SLCO1B1,rs4149056,Statin myopathy (*5),pgx,Middle Eastern,0.056882,0.0537-0.0603,0.210884,0.1681-0.2611,1089,19145,62,294,0.2257,0.169-0.301,0.16941129992859216,0.30065115960909355,9.487063155309553e-19,0.09495,2.3124716441067034e-18,True,lower
SLCO1B1,rs4149056,Statin myopathy (*5),pgx,South Asian,0.056882,0.0537-0.0603,0.048715,0.0430-0.0552,1089,19145,235,4824,1.1778,1.019-1.361,1.019140627215973,1.361065242276959,0.026303417763362397,0.00054,0.0347740099244452,True,higher
TPMT,rs1142345,Thiopurine toxicity (*3C),pgx,Admixed American,0.018177,0.0164-0.0202,0.05051,0.0472-0.0541,348,19145,773,15304,0.348,0.306-0.396,0.3060966184295379,0.39568983251565265,1.9511906440995562e-63,0.01558,5.853571932298669e-63,True,lower
TPMT,rs1142345,Thiopurine toxicity (*3C),pgx,African,0.018177,0.0164-0.0202,0.055029,0.0529-0.0573,348,19145,2287,41560,0.3179,0.284-0.356,0.28363602937456767,0.3563492375777484,4.0520890536495706e-110,0.01904,1.8591938010862735e-109,True,lower
TPMT,rs1142345,Thiopurine toxicity (*3C),pgx,East Asian,0.018177,0.0164-0.0202,0.013691,0.0109-0.0172,348,19145,71,5186,1.3338,1.031-1.725,1.0313828953964126,1.7247893384316741,0.030082685015613515,0.00053,0.03910749052029757,True,higher
TPMT,rs1142345,Thiopurine toxicity (*3C),pgx,European,0.018177,0.0164-0.0202,0.042273,0.0408-0.0438,348,19145,2876,68034,0.4194,0.375-0.469,0.37484038458214014,0.4693456072357145,1.5600731646150347e-63,0.00983,4.867428273598908e-63,True,lower
TPMT,rs1142345,Thiopurine toxicity (*3C),pgx,Middle Eastern,0.018177,0.0164-0.0202,0.017007,0.0073-0.0392,348,19145,5,294,1.0701,0.439-2.607,0.4392502296845009,2.6069042772394613,1.0,-0.00164,1.0,False,higher
TPMT,rs1142345,Thiopurine toxicity (*3C),pgx,South Asian,0.018177,0.0164-0.0202,0.018848,0.0154-0.0231,348,19145,91,4828,0.9637,0.763-1.217,0.7634488784589825,1.2165372975919568,0.7639368044158986,-0.00012,0.8275982047838901,False,lower
