gene,rsid,phenotype,category,chrom,pos,variant_id,allele_check,india_ref,india_alt,india_af,gnomad_global_af,gnomad_global_ac,gnomad_global_an,gnomad_sas_af,gnomad_sas_ac,gnomad_sas_an,gnomad_eas_af,gnomad_eas_ac,gnomad_eas_an,gnomad_afr_af,gnomad_afr_ac,gnomad_afr_an,gnomad_nfe_af,gnomad_nfe_ac,gnomad_nfe_an,gnomad_amr_af,gnomad_amr_ac,gnomad_amr_an,gnomad_mid_af,gnomad_mid_ac,gnomad_mid_an,deviation
ALDH2,rs671,Alcohol flush / ESCC,control,12,111803962,12-111803962-G-A,match,G,A,5.1e-05,0.00784,1193,152174,0.00083,4,4820,0.224864,1154,5132,0.000193,8,41546,2.9e-05,2,68020,0.000917,14,15274,0.0,0,294,-0.007789
MTHFR,rs1801133,Hyperhomocysteinemia,disease,1,11796321,1-11796321-G-A,match,G,A,0.127162,0.27517,41850,152088,0.14768,713,4828,0.301701,1561,5174,0.111804,4641,41510,0.337317,22918,67942,0.443775,6772,15260,0.289116,85,294,-0.148008
FTO,rs9939609,Obesity / BMI,disease,16,53786615,16-53786615-T-A,match,T,A,0.321359,0.40816,62037,151992,0.314807,1518,4822,0.154753,801,5176,0.478805,19834,41424,0.407949,27725,67962,0.314897,4811,15278,0.384354,113,294,-0.086801
APOE,rs429358,Alzheimer's disease,disease,19,44908684,19-44908684-T-C,match,T,C,0.116865,0.157359,23933,152092,0.104555,505,4830,0.097708,503,5148,0.215697,8954,41512,0.137935,9368,67916,0.113333,1734,15300,0.068493,20,292,-0.040494
LPA,rs10455872,Coronary artery disease,disease,6,160589086,6-160589086-A-G,match,A,G,0.008187,0.042449,6463,152252,0.010141,49,4832,0.00097,5,5156,0.012148,505,41572,0.06945,4723,68006,0.038351,586,15280,0.006803,2,294,-0.034263
CETP,rs3764261,Low HDL cholesterol,disease,16,56959412,16-56959412-C-A,match,C,A,0.299109,0.309998,47124,152014,0.335137,1610,4804,0.16499,853,5170,0.321282,13321,41462,0.323971,22019,67966,0.294761,4501,15270,0.261905,77,294,-0.010889
TCF7L2,rs7903146,Type 2 diabetes,disease,10,112998590,10-112998590-C-T,match,C,T,0.266298,0.273984,41622,151914,0.304231,1467,4822,0.026875,139,5172,0.293143,12132,41386,0.291868,19833,67952,0.264902,4044,15266,0.404762,119,294,-0.007686
SLCO1B1,rs4149056,Statin myopathy (*5),pgx,12,21178615,12-21178615-T-C,match,T,C,0.056897,0.120365,18320,152204,0.048715,235,4824,0.127413,660,5180,0.031632,1315,41572,0.158748,10792,67982,0.130315,1992,15286,0.210884,62,294,-0.063467
CYP2C9,rs1799853,Warfarin dose (*2),pgx,10,94942290,10-94942290-C-T,match,C,T,0.039705,0.088063,13400,152164,0.038797,187,4820,0.000387,2,5170,0.023522,977,41536,0.126607,8609,67998,0.097799,1493,15266,0.139456,41,294,-0.048358
TPMT,rs1142345,Thiopurine toxicity (*3C),pgx,6,18130687,6-18130687-T-C,match,T,C,0.018164,0.043194,6579,152312,0.018848,91,4828,0.013691,71,5186,0.055029,2287,41560,0.042273,2876,68034,0.05051,773,15304,0.017007,5,294,-0.02503
DPYD,rs3918290,Fluoropyrimidine toxicity,pgx,1,97450058,1-97450058-C-T,match,C,T,0.002507,0.004558,694,152272,0.002901,14,4826,0.0,0,5188,0.000578,24,41548,0.004998,340,68028,0.001702,26,15278,0.0,0,294,-0.00205
CYP2C9,rs1057910,Warfarin dose (*3),pgx,10,94981296,10-94981296-A-C,match,A,C,0.100235,0.049369,7516,152240,0.114126,551,4828,0.030742,159,5172,0.012537,521,41556,0.066217,4503,68004,0.049012,749,15282,0.064626,19,294,0.050866
CYP2C19,rs4244285,Clopidogrel (*2),pgx,10,94781859,10-94781859-G-A,match,G,A,0.370177,0.167941,25442,151494,0.332218,1588,4780,0.31187,1608,5156,0.177123,7318,41316,0.147951,10042,67874,0.130106,1981,15226,0.085616,25,292,0.202236
